<?xml version="1.0" encoding="utf-8"?>
<HotfixInstallationInfo xmlns:xsd="http://www.w3.org/2001/XMLSchema" xmlns:xsi="http://www.w3.org/2001/XMLSchema-instance">
  <Name>f4db1a83-1ccb-4911-9a5f-4d29dcdcacd2</Name>
  <Description>Deployable package created from visual studio</Description>
  <InstallationDateTime>0001-01-01T00:00:00</InstallationDateTime>
  <InstallationInfoFilePath>C:\windows\TEMP\tmp955A.tmp\HotfixInstallationInfo.xml</InstallationInfoFilePath>
  <Version />
  <Publisher>Non-Microsoft</Publisher>
  <GeneratedFromAXMetadata>false</GeneratedFromAXMetadata>
  <Type>ApplicationPackage</Type>
  <IncludedDeployablePackages />
  <ServiceModelList />
  <OtherComponentList />
  <MetadataModuleRelease>Update29</MetadataModuleRelease>
  <MetadataModuleList>
    <string>aaxwarehousedimensionlink.7.0.5372.35448</string>
  </MetadataModuleList>
  <MetadataModelList />
  <PlatformReleaseDisplayName>Update29</PlatformReleaseDisplayName>
  <PlatformVersion>7.0.5372.35448</PlatformVersion>
  <IsCompatibleWithSealedRelease>true</IsCompatibleWithSealedRelease>
  <IsCompatibleWithApp81PlusRelease>true</IsCompatibleWithApp81PlusRelease>
  <AllComponentList>
    <ArrayOfString>
      <string>AX Module</string>
      <string>aaxwarehousedimensionlink.7.0.5372.35448</string>
    </ArrayOfString>
  </AllComponentList>
</HotfixInstallationInfo>