<?xml version="1.0" encoding="utf-8" ?>
<!--
SAMPLE CODE NOTICE

THIS SAMPLE CODE IS MADE AVAILABLE AS IS.  MICROSOFT MAKES NO WARRANTIES, WHETHER EXPRESS OR IMPLIED, 
OF FITNESS FOR A PARTICULAR PURPOSE, OF ACCURACY OR COMPLETENESS OF RESPONSES, OF RESULTS, OR CONDITIONS OF MERCHANTABILITY.  
THE ENTIRE RISK OF THE USE OR THE RESULTS FROM THE USE OF THIS SAMPLE CODE REMAINS WITH THE USER.  
NO TECHNICAL SUPPORT IS PROVIDED.  YOU MAY NOT DISTRIBUTE THIS CODE UNLESS YOU HAVE A LICENSE AGREEMENT WITH MICROSOFT THAT ALLOWS YOU TO DO SO.
-->
<Settings>
  <Databases>  
    <Database id="Channel" install="true" dropifexists="false">
      <ServerName>[ChannelDatabaseServerName]</ServerName>
      <ServerNamedInstanceName>[ChannelDatabaseServerNamedInstanceName]</ServerNamedInstanceName>
      <DatabaseName>[ChannelDatabaseName]</DatabaseName>
      <SqlUserName>[SqlUserName]</SqlUserName>
      <WindowsLogin id="RetailChannelUsers" GroupName="[ChannelDatabaseServerName]\RetailChannelUsers" CreateIfNotExists="true" MappedSqlRoleName="UsersRole" />
      <WindowsLogin id="RetailChannelPublishers" GroupName="[ChannelDatabaseServerName]\RetailChannelPublishers" CreateIfNotExists="true" MappedSqlRoleName="PublishersRole" />
      <WindowsLogin id="RetailDataSyncUsers" GroupName="[ChannelDatabaseServerName]\RetailDataSyncUsers" CreateIfNotExists="true" MappedSqlRoleName="DataSyncUsersRole" />
      <WindowsLogin id="RetailReportUsers" GroupName="[ChannelDatabaseServerName]\RetailReportUsers" CreateIfNotExists="true" MappedSqlRoleName="ReportUsersRole" />
	  <WindowsLogin id="POSUsers" GroupName="[ChannelDatabaseServerName]\POSUsers" CreateIfNotExists="true" MappedSqlRoleName="db_datareader" />
      <WindowsLogin id="POSUsers" GroupName="[ChannelDatabaseServerName]\POSUsers" CreateIfNotExists="true" MappedSqlRoleName="db_datawriter" />
      <WindowsLogin id="POSUsers" GroupName="[ChannelDatabaseServerName]\POSUsers" CreateIfNotExists="true" MappedSqlRoleName="db_executor" />
      <Installation>
        <InstallationType>SqlScripts</InstallationType>
        <InstallationValue>..\Database\CommerceRuntimeScripts_Create.sql</InstallationValue>
        <Upgrades>
           <RetailScriptPath>..\Database\Upgrade\Retail</RetailScriptPath>
           <CustomScriptPath>..\Database\Upgrade\Custom</CustomScriptPath>
           <DacpacFilePath>..\Database</DacpacFilePath>
        </Upgrades>
      </Installation>
    </Database>
  </Databases>
</Settings>
