<?xml version="1.0" encoding="utf-8" ?>
<!--This xml file contains the base slipstream files needed for servicing flows. 
Drop the file names here when the service model is not included but the files still need to be included in the slipstream package.
The file name should be the file name built from the script folder of the service model.
Fo eg: AutoRestoreMR.ps1 is in Scripts\Update\AutoRestoreMR.ps1 to include the file path from scripts folder (Update\AutoRestoreMR.ps1) -->
<FilesToCopy>
	<MRFiles>
		<Filename>Update\CommonMRUpgradeFunctions.ps1</Filename>
		<Filename>Update\GlobalRestoreMR.ps1</Filename>
		<Filename>Update\ManualMRStep.ps1</Filename>
		<Filename>Update\UpdateMRConfig.ps1</Filename>
		<Filename>ScriptSetup.ps1</Filename>
	</MRFiles>
	<RetailFiles>
		<Filename>Common-Configuration.ps1</Filename>
		<Filename>Common-Web.ps1</Filename>
		<Filename>Start-RetailServer.ps1</Filename>
		<Filename>Stop-RetailServer.ps1</Filename>
		<Filename>CommonRollbackUtilities.psm1</Filename>
	</RetailFiles>
</FilesToCopy>

